left_submission,right_submission,left_family,right_family,left_variant,right_variant,pair_label,condition,left_token_count,right_token_count,edit_distance,left_method_count,right_method_count,matched_method_count,matched_similarity_sum,similarity
family-a/BASE,family-a/CLASS_SPLIT,family-a,family-a,BASE,CLASS_SPLIT,related,C0,352,359,109,,,,,0.6963788300835654
family-a/BASE,family-a/IDENTIFIER_RENAME,family-a,family-a,BASE,IDENTIFIER_RENAME,related,C0,352,352,0,,,,,1.0
family-a/BASE,family-a/METHOD_REORDER,family-a,family-a,BASE,METHOD_REORDER,related,C0,352,352,96,,,,,0.7272727272727273
family-a/BASE,family-b/BASE,family-a,family-b,BASE,BASE,control,C0,352,340,125,,,,,0.6448863636363636
family-a/BASE,family-b/CLASS_SPLIT,family-a,family-b,BASE,CLASS_SPLIT,control,C0,352,347,137,,,,,0.6107954545454546
family-a/BASE,family-b/IDENTIFIER_RENAME,family-a,family-b,BASE,IDENTIFIER_RENAME,control,C0,352,340,125,,,,,0.6448863636363636
family-a/BASE,family-b/METHOD_REORDER,family-a,family-b,BASE,METHOD_REORDER,control,C0,352,340,123,,,,,0.6505681818181819
family-a/BASE,family-c/BASE,family-a,family-c,BASE,BASE,control,C0,352,387,171,,,,,0.5581395348837209
family-a/BASE,family-c/CLASS_SPLIT,family-a,family-c,BASE,CLASS_SPLIT,control,C0,352,394,235,,,,,0.40355329949238583
family-a/BASE,family-c/IDENTIFIER_RENAME,family-a,family-c,BASE,IDENTIFIER_RENAME,control,C0,352,387,171,,,,,0.5581395348837209
family-a/BASE,family-c/METHOD_REORDER,family-a,family-c,BASE,METHOD_REORDER,control,C0,352,387,167,,,,,0.5684754521963824
family-a/BASE,family-d/BASE,family-a,family-d,BASE,BASE,control,C0,352,485,179,,,,,0.6309278350515464
family-a/BASE,family-d/CLASS_SPLIT,family-a,family-d,BASE,CLASS_SPLIT,control,C0,352,492,180,,,,,0.6341463414634146
family-a/BASE,family-d/IDENTIFIER_RENAME,family-a,family-d,BASE,IDENTIFIER_RENAME,control,C0,352,485,179,,,,,0.6309278350515464
family-a/BASE,family-d/METHOD_REORDER,family-a,family-d,BASE,METHOD_REORDER,control,C0,352,485,210,,,,,0.5670103092783505
family-a/CLASS_SPLIT,family-a/IDENTIFIER_RENAME,family-a,family-a,CLASS_SPLIT,IDENTIFIER_RENAME,related,C0,359,352,109,,,,,0.6963788300835654
family-a/CLASS_SPLIT,family-a/METHOD_REORDER,family-a,family-a,CLASS_SPLIT,METHOD_REORDER,related,C0,359,352,160,,,,,0.5543175487465182
family-a/CLASS_SPLIT,family-b/BASE,family-a,family-b,CLASS_SPLIT,BASE,control,C0,359,340,169,,,,,0.5292479108635098
family-a/CLASS_SPLIT,family-b/CLASS_SPLIT,family-a,family-b,CLASS_SPLIT,CLASS_SPLIT,control,C0,359,347,183,,,,,0.4902506963788301
family-a/CLASS_SPLIT,family-b/IDENTIFIER_RENAME,family-a,family-b,CLASS_SPLIT,IDENTIFIER_RENAME,control,C0,359,340,169,,,,,0.5292479108635098
family-a/CLASS_SPLIT,family-b/METHOD_REORDER,family-a,family-b,CLASS_SPLIT,METHOD_REORDER,control,C0,359,340,175,,,,,0.5125348189415042
family-a/CLASS_SPLIT,family-c/BASE,family-a,family-c,CLASS_SPLIT,BASE,control,C0,359,387,228,,,,,0.4108527131782945
family-a/CLASS_SPLIT,family-c/CLASS_SPLIT,family-a,family-c,CLASS_SPLIT,CLASS_SPLIT,control,C0,359,394,188,,,,,0.5228426395939086
family-a/CLASS_SPLIT,family-c/IDENTIFIER_RENAME,family-a,family-c,CLASS_SPLIT,IDENTIFIER_RENAME,control,C0,359,387,228,,,,,0.4108527131782945
family-a/CLASS_SPLIT,family-c/METHOD_REORDER,family-a,family-c,CLASS_SPLIT,METHOD_REORDER,control,C0,359,387,221,,,,,0.42894056847545214
family-a/CLASS_SPLIT,family-d/BASE,family-a,family-d,CLASS_SPLIT,BASE,control,C0,359,485,260,,,,,0.4639175257731959
family-a/CLASS_SPLIT,family-d/CLASS_SPLIT,family-a,family-d,CLASS_SPLIT,CLASS_SPLIT,control,C0,359,492,268,,,,,0.4552845528455285
family-a/CLASS_SPLIT,family-d/IDENTIFIER_RENAME,family-a,family-d,CLASS_SPLIT,IDENTIFIER_RENAME,control,C0,359,485,260,,,,,0.4639175257731959
family-a/CLASS_SPLIT,family-d/METHOD_REORDER,family-a,family-d,CLASS_SPLIT,METHOD_REORDER,control,C0,359,485,273,,,,,0.43711340206185567
family-a/IDENTIFIER_RENAME,family-a/METHOD_REORDER,family-a,family-a,IDENTIFIER_RENAME,METHOD_REORDER,related,C0,352,352,96,,,,,0.7272727272727273
family-a/IDENTIFIER_RENAME,family-b/BASE,family-a,family-b,IDENTIFIER_RENAME,BASE,control,C0,352,340,125,,,,,0.6448863636363636
family-a/IDENTIFIER_RENAME,family-b/CLASS_SPLIT,family-a,family-b,IDENTIFIER_RENAME,CLASS_SPLIT,control,C0,352,347,137,,,,,0.6107954545454546
family-a/IDENTIFIER_RENAME,family-b/IDENTIFIER_RENAME,family-a,family-b,IDENTIFIER_RENAME,IDENTIFIER_RENAME,control,C0,352,340,125,,,,,0.6448863636363636
family-a/IDENTIFIER_RENAME,family-b/METHOD_REORDER,family-a,family-b,IDENTIFIER_RENAME,METHOD_REORDER,control,C0,352,340,123,,,,,0.6505681818181819
family-a/IDENTIFIER_RENAME,family-c/BASE,family-a,family-c,IDENTIFIER_RENAME,BASE,control,C0,352,387,171,,,,,0.5581395348837209
family-a/IDENTIFIER_RENAME,family-c/CLASS_SPLIT,family-a,family-c,IDENTIFIER_RENAME,CLASS_SPLIT,control,C0,352,394,235,,,,,0.40355329949238583
family-a/IDENTIFIER_RENAME,family-c/IDENTIFIER_RENAME,family-a,family-c,IDENTIFIER_RENAME,IDENTIFIER_RENAME,control,C0,352,387,171,,,,,0.5581395348837209
family-a/IDENTIFIER_RENAME,family-c/METHOD_REORDER,family-a,family-c,IDENTIFIER_RENAME,METHOD_REORDER,control,C0,352,387,167,,,,,0.5684754521963824
family-a/IDENTIFIER_RENAME,family-d/BASE,family-a,family-d,IDENTIFIER_RENAME,BASE,control,C0,352,485,179,,,,,0.6309278350515464
family-a/IDENTIFIER_RENAME,family-d/CLASS_SPLIT,family-a,family-d,IDENTIFIER_RENAME,CLASS_SPLIT,control,C0,352,492,180,,,,,0.6341463414634146
family-a/IDENTIFIER_RENAME,family-d/IDENTIFIER_RENAME,family-a,family-d,IDENTIFIER_RENAME,IDENTIFIER_RENAME,control,C0,352,485,179,,,,,0.6309278350515464
family-a/IDENTIFIER_RENAME,family-d/METHOD_REORDER,family-a,family-d,IDENTIFIER_RENAME,METHOD_REORDER,control,C0,352,485,210,,,,,0.5670103092783505
family-a/METHOD_REORDER,family-b/BASE,family-a,family-b,METHOD_REORDER,BASE,control,C0,352,340,130,,,,,0.6306818181818181
family-a/METHOD_REORDER,family-b/CLASS_SPLIT,family-a,family-b,METHOD_REORDER,CLASS_SPLIT,control,C0,352,347,130,,,,,0.6306818181818181
family-a/METHOD_REORDER,family-b/IDENTIFIER_RENAME,family-a,family-b,METHOD_REORDER,IDENTIFIER_RENAME,control,C0,352,340,130,,,,,0.6306818181818181
family-a/METHOD_REORDER,family-b/METHOD_REORDER,family-a,family-b,METHOD_REORDER,METHOD_REORDER,control,C0,352,340,121,,,,,0.65625
family-a/METHOD_REORDER,family-c/BASE,family-a,family-c,METHOD_REORDER,BASE,control,C0,352,387,169,,,,,0.5633074935400517
family-a/METHOD_REORDER,family-c/CLASS_SPLIT,family-a,family-c,METHOD_REORDER,CLASS_SPLIT,control,C0,352,394,242,,,,,0.3857868020304569
family-a/METHOD_REORDER,family-c/IDENTIFIER_RENAME,family-a,family-c,METHOD_REORDER,IDENTIFIER_RENAME,control,C0,352,387,169,,,,,0.5633074935400517
family-a/METHOD_REORDER,family-c/METHOD_REORDER,family-a,family-c,METHOD_REORDER,METHOD_REORDER,control,C0,352,387,171,,,,,0.5581395348837209
family-a/METHOD_REORDER,family-d/BASE,family-a,family-d,METHOD_REORDER,BASE,control,C0,352,485,212,,,,,0.5628865979381443
family-a/METHOD_REORDER,family-d/CLASS_SPLIT,family-a,family-d,METHOD_REORDER,CLASS_SPLIT,control,C0,352,492,210,,,,,0.5731707317073171
family-a/METHOD_REORDER,family-d/IDENTIFIER_RENAME,family-a,family-d,METHOD_REORDER,IDENTIFIER_RENAME,control,C0,352,485,212,,,,,0.5628865979381443
family-a/METHOD_REORDER,family-d/METHOD_REORDER,family-a,family-d,METHOD_REORDER,METHOD_REORDER,control,C0,352,485,184,,,,,0.6206185567010309
family-b/BASE,family-b/CLASS_SPLIT,family-b,family-b,BASE,CLASS_SPLIT,related,C0,340,347,96,,,,,0.723342939481268
family-b/BASE,family-b/IDENTIFIER_RENAME,family-b,family-b,BASE,IDENTIFIER_RENAME,related,C0,340,340,0,,,,,1.0
family-b/BASE,family-b/METHOD_REORDER,family-b,family-b,BASE,METHOD_REORDER,related,C0,340,340,102,,,,,0.7
family-b/BASE,family-c/BASE,family-b,family-c,BASE,BASE,control,C0,340,387,156,,,,,0.5968992248062015
family-b/BASE,family-c/CLASS_SPLIT,family-b,family-c,BASE,CLASS_SPLIT,control,C0,340,394,216,,,,,0.4517766497461929
family-b/BASE,family-c/IDENTIFIER_RENAME,family-b,family-c,BASE,IDENTIFIER_RENAME,control,C0,340,387,156,,,,,0.5968992248062015
family-b/BASE,family-c/METHOD_REORDER,family-b,family-c,BASE,METHOD_REORDER,control,C0,340,387,156,,,,,0.5968992248062015
family-b/BASE,family-d/BASE,family-b,family-d,BASE,BASE,control,C0,340,485,196,,,,,0.5958762886597938
family-b/BASE,family-d/CLASS_SPLIT,family-b,family-d,BASE,CLASS_SPLIT,control,C0,340,492,211,,,,,0.5711382113821138
family-b/BASE,family-d/IDENTIFIER_RENAME,family-b,family-d,BASE,IDENTIFIER_RENAME,control,C0,340,485,196,,,,,0.5958762886597938
family-b/BASE,family-d/METHOD_REORDER,family-b,family-d,BASE,METHOD_REORDER,control,C0,340,485,202,,,,,0.5835051546391752
family-b/CLASS_SPLIT,family-b/IDENTIFIER_RENAME,family-b,family-b,CLASS_SPLIT,IDENTIFIER_RENAME,related,C0,347,340,96,,,,,0.723342939481268
family-b/CLASS_SPLIT,family-b/METHOD_REORDER,family-b,family-b,CLASS_SPLIT,METHOD_REORDER,related,C0,347,340,94,,,,,0.729106628242075
family-b/CLASS_SPLIT,family-c/BASE,family-b,family-c,CLASS_SPLIT,BASE,control,C0,347,387,154,,,,,0.6020671834625323
family-b/CLASS_SPLIT,family-c/CLASS_SPLIT,family-b,family-c,CLASS_SPLIT,CLASS_SPLIT,control,C0,347,394,232,,,,,0.41116751269035534
family-b/CLASS_SPLIT,family-c/IDENTIFIER_RENAME,family-b,family-c,CLASS_SPLIT,IDENTIFIER_RENAME,control,C0,347,387,154,,,,,0.6020671834625323
family-b/CLASS_SPLIT,family-c/METHOD_REORDER,family-b,family-c,CLASS_SPLIT,METHOD_REORDER,control,C0,347,387,156,,,,,0.5968992248062015
family-b/CLASS_SPLIT,family-d/BASE,family-b,family-d,CLASS_SPLIT,BASE,control,C0,347,485,218,,,,,0.5505154639175258
family-b/CLASS_SPLIT,family-d/CLASS_SPLIT,family-b,family-d,CLASS_SPLIT,CLASS_SPLIT,control,C0,347,492,210,,,,,0.5731707317073171
family-b/CLASS_SPLIT,family-d/IDENTIFIER_RENAME,family-b,family-d,CLASS_SPLIT,IDENTIFIER_RENAME,control,C0,347,485,218,,,,,0.5505154639175258
family-b/CLASS_SPLIT,family-d/METHOD_REORDER,family-b,family-d,CLASS_SPLIT,METHOD_REORDER,control,C0,347,485,212,,,,,0.5628865979381443
family-b/IDENTIFIER_RENAME,family-b/METHOD_REORDER,family-b,family-b,IDENTIFIER_RENAME,METHOD_REORDER,related,C0,340,340,102,,,,,0.7
family-b/IDENTIFIER_RENAME,family-c/BASE,family-b,family-c,IDENTIFIER_RENAME,BASE,control,C0,340,387,156,,,,,0.5968992248062015
family-b/IDENTIFIER_RENAME,family-c/CLASS_SPLIT,family-b,family-c,IDENTIFIER_RENAME,CLASS_SPLIT,control,C0,340,394,216,,,,,0.4517766497461929
family-b/IDENTIFIER_RENAME,family-c/IDENTIFIER_RENAME,family-b,family-c,IDENTIFIER_RENAME,IDENTIFIER_RENAME,control,C0,340,387,156,,,,,0.5968992248062015
family-b/IDENTIFIER_RENAME,family-c/METHOD_REORDER,family-b,family-c,IDENTIFIER_RENAME,METHOD_REORDER,control,C0,340,387,156,,,,,0.5968992248062015
family-b/IDENTIFIER_RENAME,family-d/BASE,family-b,family-d,IDENTIFIER_RENAME,BASE,control,C0,340,485,196,,,,,0.5958762886597938
family-b/IDENTIFIER_RENAME,family-d/CLASS_SPLIT,family-b,family-d,IDENTIFIER_RENAME,CLASS_SPLIT,control,C0,340,492,211,,,,,0.5711382113821138
family-b/IDENTIFIER_RENAME,family-d/IDENTIFIER_RENAME,family-b,family-d,IDENTIFIER_RENAME,IDENTIFIER_RENAME,control,C0,340,485,196,,,,,0.5958762886597938
family-b/IDENTIFIER_RENAME,family-d/METHOD_REORDER,family-b,family-d,IDENTIFIER_RENAME,METHOD_REORDER,control,C0,340,485,202,,,,,0.5835051546391752
family-b/METHOD_REORDER,family-c/BASE,family-b,family-c,METHOD_REORDER,BASE,control,C0,340,387,150,,,,,0.6124031007751938
family-b/METHOD_REORDER,family-c/CLASS_SPLIT,family-b,family-c,METHOD_REORDER,CLASS_SPLIT,control,C0,340,394,220,,,,,0.4416243654822335
family-b/METHOD_REORDER,family-c/IDENTIFIER_RENAME,family-b,family-c,METHOD_REORDER,IDENTIFIER_RENAME,control,C0,340,387,150,,,,,0.6124031007751938
family-b/METHOD_REORDER,family-c/METHOD_REORDER,family-b,family-c,METHOD_REORDER,METHOD_REORDER,control,C0,340,387,146,,,,,0.6227390180878554
family-b/METHOD_REORDER,family-d/BASE,family-b,family-d,METHOD_REORDER,BASE,control,C0,340,485,202,,,,,0.5835051546391752
family-b/METHOD_REORDER,family-d/CLASS_SPLIT,family-b,family-d,METHOD_REORDER,CLASS_SPLIT,control,C0,340,492,222,,,,,0.5487804878048781
family-b/METHOD_REORDER,family-d/IDENTIFIER_RENAME,family-b,family-d,METHOD_REORDER,IDENTIFIER_RENAME,control,C0,340,485,202,,,,,0.5835051546391752
family-b/METHOD_REORDER,family-d/METHOD_REORDER,family-b,family-d,METHOD_REORDER,METHOD_REORDER,control,C0,340,485,203,,,,,0.5814432989690721
family-c/BASE,family-c/CLASS_SPLIT,family-c,family-c,BASE,CLASS_SPLIT,related,C0,387,394,202,,,,,0.4873096446700508
family-c/BASE,family-c/IDENTIFIER_RENAME,family-c,family-c,BASE,IDENTIFIER_RENAME,related,C0,387,387,0,,,,,1.0
family-c/BASE,family-c/METHOD_REORDER,family-c,family-c,BASE,METHOD_REORDER,related,C0,387,387,78,,,,,0.7984496124031008
family-c/BASE,family-d/BASE,family-c,family-d,BASE,BASE,control,C0,387,485,201,,,,,0.5855670103092783
family-c/BASE,family-d/CLASS_SPLIT,family-c,family-d,BASE,CLASS_SPLIT,control,C0,387,492,191,,,,,0.6117886178861789
family-c/BASE,family-d/IDENTIFIER_RENAME,family-c,family-d,BASE,IDENTIFIER_RENAME,control,C0,387,485,201,,,,,0.5855670103092783
family-c/BASE,family-d/METHOD_REORDER,family-c,family-d,BASE,METHOD_REORDER,control,C0,387,485,199,,,,,0.5896907216494846
family-c/CLASS_SPLIT,family-c/IDENTIFIER_RENAME,family-c,family-c,CLASS_SPLIT,IDENTIFIER_RENAME,related,C0,394,387,202,,,,,0.4873096446700508
family-c/CLASS_SPLIT,family-c/METHOD_REORDER,family-c,family-c,CLASS_SPLIT,METHOD_REORDER,related,C0,394,387,199,,,,,0.4949238578680203
family-c/CLASS_SPLIT,family-d/BASE,family-c,family-d,CLASS_SPLIT,BASE,control,C0,394,485,259,,,,,0.465979381443299
family-c/CLASS_SPLIT,family-d/CLASS_SPLIT,family-c,family-d,CLASS_SPLIT,CLASS_SPLIT,control,C0,394,492,271,,,,,0.44918699186991873
family-c/CLASS_SPLIT,family-d/IDENTIFIER_RENAME,family-c,family-d,CLASS_SPLIT,IDENTIFIER_RENAME,control,C0,394,485,259,,,,,0.465979381443299
family-c/CLASS_SPLIT,family-d/METHOD_REORDER,family-c,family-d,CLASS_SPLIT,METHOD_REORDER,control,C0,394,485,263,,,,,0.45773195876288664
family-c/IDENTIFIER_RENAME,family-c/METHOD_REORDER,family-c,family-c,IDENTIFIER_RENAME,METHOD_REORDER,related,C0,387,387,78,,,,,0.7984496124031008
family-c/IDENTIFIER_RENAME,family-d/BASE,family-c,family-d,IDENTIFIER_RENAME,BASE,control,C0,387,485,201,,,,,0.5855670103092783
family-c/IDENTIFIER_RENAME,family-d/CLASS_SPLIT,family-c,family-d,IDENTIFIER_RENAME,CLASS_SPLIT,control,C0,387,492,191,,,,,0.6117886178861789
family-c/IDENTIFIER_RENAME,family-d/IDENTIFIER_RENAME,family-c,family-d,IDENTIFIER_RENAME,IDENTIFIER_RENAME,control,C0,387,485,201,,,,,0.5855670103092783
family-c/IDENTIFIER_RENAME,family-d/METHOD_REORDER,family-c,family-d,IDENTIFIER_RENAME,METHOD_REORDER,control,C0,387,485,199,,,,,0.5896907216494846
family-c/METHOD_REORDER,family-d/BASE,family-c,family-d,METHOD_REORDER,BASE,control,C0,387,485,199,,,,,0.5896907216494846
family-c/METHOD_REORDER,family-d/CLASS_SPLIT,family-c,family-d,METHOD_REORDER,CLASS_SPLIT,control,C0,387,492,202,,,,,0.589430894308943
family-c/METHOD_REORDER,family-d/IDENTIFIER_RENAME,family-c,family-d,METHOD_REORDER,IDENTIFIER_RENAME,control,C0,387,485,199,,,,,0.5896907216494846
family-c/METHOD_REORDER,family-d/METHOD_REORDER,family-c,family-d,METHOD_REORDER,METHOD_REORDER,control,C0,387,485,203,,,,,0.5814432989690721
family-d/BASE,family-d/CLASS_SPLIT,family-d,family-d,BASE,CLASS_SPLIT,related,C0,485,492,67,,,,,0.8638211382113821
family-d/BASE,family-d/IDENTIFIER_RENAME,family-d,family-d,BASE,IDENTIFIER_RENAME,related,C0,485,485,0,,,,,1.0
family-d/BASE,family-d/METHOD_REORDER,family-d,family-d,BASE,METHOD_REORDER,related,C0,485,485,141,,,,,0.7092783505154638
family-d/CLASS_SPLIT,family-d/IDENTIFIER_RENAME,family-d,family-d,CLASS_SPLIT,IDENTIFIER_RENAME,related,C0,492,485,67,,,,,0.8638211382113821
family-d/CLASS_SPLIT,family-d/METHOD_REORDER,family-d,family-d,CLASS_SPLIT,METHOD_REORDER,related,C0,492,485,169,,,,,0.6565040650406504
family-d/IDENTIFIER_RENAME,family-d/METHOD_REORDER,family-d,family-d,IDENTIFIER_RENAME,METHOD_REORDER,related,C0,485,485,141,,,,,0.7092783505154638
family-a/BASE,family-a/CLASS_SPLIT,family-a,family-a,BASE,CLASS_SPLIT,related,C1,,,,6,6,6,5.882891414141414,0.9804819023569024
family-a/BASE,family-a/IDENTIFIER_RENAME,family-a,family-a,BASE,IDENTIFIER_RENAME,related,C1,,,,6,6,6,6.0,1.0
family-a/BASE,family-a/METHOD_REORDER,family-a,family-a,BASE,METHOD_REORDER,related,C1,,,,6,6,6,6.0,1.0
family-a/BASE,family-b/BASE,family-a,family-b,BASE,BASE,control,C1,,,,6,6,6,3.99682432824416,0.6661373880406933
family-a/BASE,family-b/CLASS_SPLIT,family-a,family-b,BASE,CLASS_SPLIT,control,C1,,,,6,6,6,3.937331161608136,0.6562218602680226
family-a/BASE,family-b/IDENTIFIER_RENAME,family-a,family-b,BASE,IDENTIFIER_RENAME,control,C1,,,,6,6,6,3.99682432824416,0.6661373880406933
family-a/BASE,family-b/METHOD_REORDER,family-a,family-b,BASE,METHOD_REORDER,control,C1,,,,6,6,6,3.99682432824416,0.6661373880406933
family-a/BASE,family-c/BASE,family-a,family-c,BASE,BASE,control,C1,,,,6,5,5,2.795256166982922,0.465876027830487
family-a/BASE,family-c/CLASS_SPLIT,family-a,family-c,BASE,CLASS_SPLIT,control,C1,,,,6,5,5,2.7521861086931345,0.4586976847821891
family-a/BASE,family-c/IDENTIFIER_RENAME,family-a,family-c,BASE,IDENTIFIER_RENAME,control,C1,,,,6,5,5,2.795256166982922,0.465876027830487
family-a/BASE,family-c/METHOD_REORDER,family-a,family-c,BASE,METHOD_REORDER,control,C1,,,,6,5,5,2.7952561669829223,0.46587602783048704
family-a/BASE,family-d/BASE,family-a,family-d,BASE,BASE,control,C1,,,,6,6,6,3.7417384217641008,0.6236230702940168
family-a/BASE,family-d/CLASS_SPLIT,family-a,family-d,BASE,CLASS_SPLIT,control,C1,,,,6,6,6,3.6826796766451944,0.6137799461075324
family-a/BASE,family-d/IDENTIFIER_RENAME,family-a,family-d,BASE,IDENTIFIER_RENAME,control,C1,,,,6,6,6,3.7417384217641008,0.6236230702940168
family-a/BASE,family-d/METHOD_REORDER,family-a,family-d,BASE,METHOD_REORDER,control,C1,,,,6,6,6,3.7417384217641008,0.6236230702940168
family-a/CLASS_SPLIT,family-a/IDENTIFIER_RENAME,family-a,family-a,CLASS_SPLIT,IDENTIFIER_RENAME,related,C1,,,,6,6,6,5.882891414141414,0.9804819023569024
family-a/CLASS_SPLIT,family-a/METHOD_REORDER,family-a,family-a,CLASS_SPLIT,METHOD_REORDER,related,C1,,,,6,6,6,5.882891414141414,0.9804819023569024
family-a/CLASS_SPLIT,family-b/BASE,family-a,family-b,CLASS_SPLIT,BASE,control,C1,,,,6,6,6,3.8686680054127898,0.6447780009021317
family-a/CLASS_SPLIT,family-b/CLASS_SPLIT,family-a,family-b,CLASS_SPLIT,CLASS_SPLIT,control,C1,,,,6,6,6,3.879604643581571,0.6466007739302618
family-a/CLASS_SPLIT,family-b/IDENTIFIER_RENAME,family-a,family-b,CLASS_SPLIT,IDENTIFIER_RENAME,control,C1,,,,6,6,6,3.8686680054127898,0.6447780009021317
family-a/CLASS_SPLIT,family-b/METHOD_REORDER,family-a,family-b,CLASS_SPLIT,METHOD_REORDER,control,C1,,,,6,6,6,3.8686680054127898,0.6447780009021317
family-a/CLASS_SPLIT,family-c/BASE,family-a,family-c,CLASS_SPLIT,BASE,control,C1,,,,6,5,5,2.7516237745098038,0.45860396241830065
family-a/CLASS_SPLIT,family-c/CLASS_SPLIT,family-a,family-c,CLASS_SPLIT,CLASS_SPLIT,control,C1,,,,6,5,5,2.7575425193000234,0.4595904198833372
family-a/CLASS_SPLIT,family-c/IDENTIFIER_RENAME,family-a,family-c,CLASS_SPLIT,IDENTIFIER_RENAME,control,C1,,,,6,5,5,2.7516237745098038,0.45860396241830065
family-a/CLASS_SPLIT,family-c/METHOD_REORDER,family-a,family-c,CLASS_SPLIT,METHOD_REORDER,control,C1,,,,6,5,5,2.751623774509804,0.4586039624183007
family-a/CLASS_SPLIT,family-d/BASE,family-a,family-d,CLASS_SPLIT,BASE,control,C1,,,,6,6,6,3.6776866505956747,0.6129477750992791
family-a/CLASS_SPLIT,family-d/CLASS_SPLIT,family-a,family-d,CLASS_SPLIT,CLASS_SPLIT,control,C1,,,,6,6,6,3.6405046103321963,0.6067507683886993
family-a/CLASS_SPLIT,family-d/IDENTIFIER_RENAME,family-a,family-d,CLASS_SPLIT,IDENTIFIER_RENAME,control,C1,,,,6,6,6,3.6776866505956747,0.6129477750992791
family-a/CLASS_SPLIT,family-d/METHOD_REORDER,family-a,family-d,CLASS_SPLIT,METHOD_REORDER,control,C1,,,,6,6,6,3.6776866505956747,0.6129477750992791
family-a/IDENTIFIER_RENAME,family-a/METHOD_REORDER,family-a,family-a,IDENTIFIER_RENAME,METHOD_REORDER,related,C1,,,,6,6,6,6.0,1.0
family-a/IDENTIFIER_RENAME,family-b/BASE,family-a,family-b,IDENTIFIER_RENAME,BASE,control,C1,,,,6,6,6,3.99682432824416,0.6661373880406933
family-a/IDENTIFIER_RENAME,family-b/CLASS_SPLIT,family-a,family-b,IDENTIFIER_RENAME,CLASS_SPLIT,control,C1,,,,6,6,6,3.937331161608136,0.6562218602680226
family-a/IDENTIFIER_RENAME,family-b/IDENTIFIER_RENAME,family-a,family-b,IDENTIFIER_RENAME,IDENTIFIER_RENAME,control,C1,,,,6,6,6,3.99682432824416,0.6661373880406933
family-a/IDENTIFIER_RENAME,family-b/METHOD_REORDER,family-a,family-b,IDENTIFIER_RENAME,METHOD_REORDER,control,C1,,,,6,6,6,3.99682432824416,0.6661373880406933
family-a/IDENTIFIER_RENAME,family-c/BASE,family-a,family-c,IDENTIFIER_RENAME,BASE,control,C1,,,,6,5,5,2.795256166982922,0.465876027830487
family-a/IDENTIFIER_RENAME,family-c/CLASS_SPLIT,family-a,family-c,IDENTIFIER_RENAME,CLASS_SPLIT,control,C1,,,,6,5,5,2.7521861086931345,0.4586976847821891
family-a/IDENTIFIER_RENAME,family-c/IDENTIFIER_RENAME,family-a,family-c,IDENTIFIER_RENAME,IDENTIFIER_RENAME,control,C1,,,,6,5,5,2.795256166982922,0.465876027830487
family-a/IDENTIFIER_RENAME,family-c/METHOD_REORDER,family-a,family-c,IDENTIFIER_RENAME,METHOD_REORDER,control,C1,,,,6,5,5,2.7952561669829223,0.46587602783048704
family-a/IDENTIFIER_RENAME,family-d/BASE,family-a,family-d,IDENTIFIER_RENAME,BASE,control,C1,,,,6,6,6,3.7417384217641008,0.6236230702940168
family-a/IDENTIFIER_RENAME,family-d/CLASS_SPLIT,family-a,family-d,IDENTIFIER_RENAME,CLASS_SPLIT,control,C1,,,,6,6,6,3.6826796766451944,0.6137799461075324
family-a/IDENTIFIER_RENAME,family-d/IDENTIFIER_RENAME,family-a,family-d,IDENTIFIER_RENAME,IDENTIFIER_RENAME,control,C1,,,,6,6,6,3.7417384217641008,0.6236230702940168
family-a/IDENTIFIER_RENAME,family-d/METHOD_REORDER,family-a,family-d,IDENTIFIER_RENAME,METHOD_REORDER,control,C1,,,,6,6,6,3.7417384217641008,0.6236230702940168
family-a/METHOD_REORDER,family-b/BASE,family-a,family-b,METHOD_REORDER,BASE,control,C1,,,,6,6,6,3.99682432824416,0.6661373880406933
family-a/METHOD_REORDER,family-b/CLASS_SPLIT,family-a,family-b,METHOD_REORDER,CLASS_SPLIT,control,C1,,,,6,6,6,3.937331161608136,0.6562218602680226
family-a/METHOD_REORDER,family-b/IDENTIFIER_RENAME,family-a,family-b,METHOD_REORDER,IDENTIFIER_RENAME,control,C1,,,,6,6,6,3.99682432824416,0.6661373880406933
family-a/METHOD_REORDER,family-b/METHOD_REORDER,family-a,family-b,METHOD_REORDER,METHOD_REORDER,control,C1,,,,6,6,6,3.99682432824416,0.6661373880406933
family-a/METHOD_REORDER,family-c/BASE,family-a,family-c,METHOD_REORDER,BASE,control,C1,,,,6,5,5,2.795256166982922,0.465876027830487
family-a/METHOD_REORDER,family-c/CLASS_SPLIT,family-a,family-c,METHOD_REORDER,CLASS_SPLIT,control,C1,,,,6,5,5,2.7521861086931345,0.4586976847821891
family-a/METHOD_REORDER,family-c/IDENTIFIER_RENAME,family-a,family-c,METHOD_REORDER,IDENTIFIER_RENAME,control,C1,,,,6,5,5,2.795256166982922,0.465876027830487
family-a/METHOD_REORDER,family-c/METHOD_REORDER,family-a,family-c,METHOD_REORDER,METHOD_REORDER,control,C1,,,,6,5,5,2.7952561669829223,0.46587602783048704
family-a/METHOD_REORDER,family-d/BASE,family-a,family-d,METHOD_REORDER,BASE,control,C1,,,,6,6,6,3.7417384217641008,0.6236230702940168
family-a/METHOD_REORDER,family-d/CLASS_SPLIT,family-a,family-d,METHOD_REORDER,CLASS_SPLIT,control,C1,,,,6,6,6,3.682679676645194,0.6137799461075323
family-a/METHOD_REORDER,family-d/IDENTIFIER_RENAME,family-a,family-d,METHOD_REORDER,IDENTIFIER_RENAME,control,C1,,,,6,6,6,3.7417384217641008,0.6236230702940168
family-a/METHOD_REORDER,family-d/METHOD_REORDER,family-a,family-d,METHOD_REORDER,METHOD_REORDER,control,C1,,,,6,6,6,3.7417384217641008,0.6236230702940168
family-b/BASE,family-b/CLASS_SPLIT,family-b,family-b,BASE,CLASS_SPLIT,related,C1,,,,6,6,6,5.919777924461766,0.9866296540769609
family-b/BASE,family-b/IDENTIFIER_RENAME,family-b,family-b,BASE,IDENTIFIER_RENAME,related,C1,,,,6,6,6,6.0,1.0
family-b/BASE,family-b/METHOD_REORDER,family-b,family-b,BASE,METHOD_REORDER,related,C1,,,,6,6,6,6.0,1.0
family-b/BASE,family-c/BASE,family-b,family-c,BASE,BASE,control,C1,,,,6,5,5,2.824609805405716,0.4707683009009527
family-b/BASE,family-c/CLASS_SPLIT,family-b,family-c,BASE,CLASS_SPLIT,control,C1,,,,6,5,5,2.7659308864437397,0.4609884810739566
family-b/BASE,family-c/IDENTIFIER_RENAME,family-b,family-c,BASE,IDENTIFIER_RENAME,control,C1,,,,6,5,5,2.824609805405716,0.4707683009009527
family-b/BASE,family-c/METHOD_REORDER,family-b,family-c,BASE,METHOD_REORDER,control,C1,,,,6,5,5,2.824609805405716,0.4707683009009527
family-b/BASE,family-d/BASE,family-b,family-d,BASE,BASE,control,C1,,,,6,6,6,3.3168908005665156,0.5528151334277526
family-b/BASE,family-d/CLASS_SPLIT,family-b,family-d,BASE,CLASS_SPLIT,control,C1,,,,6,6,6,3.257907035493242,0.5429845059155404
family-b/BASE,family-d/IDENTIFIER_RENAME,family-b,family-d,BASE,IDENTIFIER_RENAME,control,C1,,,,6,6,6,3.3168908005665156,0.5528151334277526
family-b/BASE,family-d/METHOD_REORDER,family-b,family-d,BASE,METHOD_REORDER,control,C1,,,,6,6,6,3.3168908005665156,0.5528151334277526
family-b/CLASS_SPLIT,family-b/IDENTIFIER_RENAME,family-b,family-b,CLASS_SPLIT,IDENTIFIER_RENAME,related,C1,,,,6,6,6,5.919777924461766,0.9866296540769609
family-b/CLASS_SPLIT,family-b/METHOD_REORDER,family-b,family-b,CLASS_SPLIT,METHOD_REORDER,related,C1,,,,6,6,6,5.919777924461766,0.9866296540769609
family-b/CLASS_SPLIT,family-c/BASE,family-b,family-c,CLASS_SPLIT,BASE,control,C1,,,,6,5,5,2.7615413604673074,0.4602568934112179
family-b/CLASS_SPLIT,family-c/CLASS_SPLIT,family-b,family-c,CLASS_SPLIT,CLASS_SPLIT,control,C1,,,,6,5,5,2.804168942202974,0.46736149036716235
family-b/CLASS_SPLIT,family-c/IDENTIFIER_RENAME,family-b,family-c,CLASS_SPLIT,IDENTIFIER_RENAME,control,C1,,,,6,5,5,2.7615413604673074,0.4602568934112179
family-b/CLASS_SPLIT,family-c/METHOD_REORDER,family-b,family-c,CLASS_SPLIT,METHOD_REORDER,control,C1,,,,6,5,5,2.7615413604673074,0.4602568934112179
family-b/CLASS_SPLIT,family-d/BASE,family-b,family-d,CLASS_SPLIT,BASE,control,C1,,,,6,6,6,3.283649042324758,0.5472748403874597
family-b/CLASS_SPLIT,family-d/CLASS_SPLIT,family-b,family-d,CLASS_SPLIT,CLASS_SPLIT,control,C1,,,,6,6,6,3.252251484148036,0.5420419140246727
family-b/CLASS_SPLIT,family-d/IDENTIFIER_RENAME,family-b,family-d,CLASS_SPLIT,IDENTIFIER_RENAME,control,C1,,,,6,6,6,3.283649042324758,0.5472748403874597
family-b/CLASS_SPLIT,family-d/METHOD_REORDER,family-b,family-d,CLASS_SPLIT,METHOD_REORDER,control,C1,,,,6,6,6,3.283649042324758,0.5472748403874597
family-b/IDENTIFIER_RENAME,family-b/METHOD_REORDER,family-b,family-b,IDENTIFIER_RENAME,METHOD_REORDER,related,C1,,,,6,6,6,6.0,1.0
family-b/IDENTIFIER_RENAME,family-c/BASE,family-b,family-c,IDENTIFIER_RENAME,BASE,control,C1,,,,6,5,5,2.824609805405716,0.4707683009009527
family-b/IDENTIFIER_RENAME,family-c/CLASS_SPLIT,family-b,family-c,IDENTIFIER_RENAME,CLASS_SPLIT,control,C1,,,,6,5,5,2.7659308864437397,0.4609884810739566
family-b/IDENTIFIER_RENAME,family-c/IDENTIFIER_RENAME,family-b,family-c,IDENTIFIER_RENAME,IDENTIFIER_RENAME,control,C1,,,,6,5,5,2.824609805405716,0.4707683009009527
family-b/IDENTIFIER_RENAME,family-c/METHOD_REORDER,family-b,family-c,IDENTIFIER_RENAME,METHOD_REORDER,control,C1,,,,6,5,5,2.824609805405716,0.4707683009009527
family-b/IDENTIFIER_RENAME,family-d/BASE,family-b,family-d,IDENTIFIER_RENAME,BASE,control,C1,,,,6,6,6,3.3168908005665156,0.5528151334277526
family-b/IDENTIFIER_RENAME,family-d/CLASS_SPLIT,family-b,family-d,IDENTIFIER_RENAME,CLASS_SPLIT,control,C1,,,,6,6,6,3.257907035493242,0.5429845059155404
family-b/IDENTIFIER_RENAME,family-d/IDENTIFIER_RENAME,family-b,family-d,IDENTIFIER_RENAME,IDENTIFIER_RENAME,control,C1,,,,6,6,6,3.3168908005665156,0.5528151334277526
family-b/IDENTIFIER_RENAME,family-d/METHOD_REORDER,family-b,family-d,IDENTIFIER_RENAME,METHOD_REORDER,control,C1,,,,6,6,6,3.3168908005665156,0.5528151334277526
family-b/METHOD_REORDER,family-c/BASE,family-b,family-c,METHOD_REORDER,BASE,control,C1,,,,6,5,5,2.824609805405716,0.4707683009009527
family-b/METHOD_REORDER,family-c/CLASS_SPLIT,family-b,family-c,METHOD_REORDER,CLASS_SPLIT,control,C1,,,,6,5,5,2.7659308864437397,0.4609884810739566
family-b/METHOD_REORDER,family-c/IDENTIFIER_RENAME,family-b,family-c,METHOD_REORDER,IDENTIFIER_RENAME,control,C1,,,,6,5,5,2.824609805405716,0.4707683009009527
family-b/METHOD_REORDER,family-c/METHOD_REORDER,family-b,family-c,METHOD_REORDER,METHOD_REORDER,control,C1,,,,6,5,5,2.824609805405716,0.4707683009009527
family-b/METHOD_REORDER,family-d/BASE,family-b,family-d,METHOD_REORDER,BASE,control,C1,,,,6,6,6,3.3168908005665156,0.5528151334277526
family-b/METHOD_REORDER,family-d/CLASS_SPLIT,family-b,family-d,METHOD_REORDER,CLASS_SPLIT,control,C1,,,,6,6,6,3.257907035493242,0.5429845059155404
family-b/METHOD_REORDER,family-d/IDENTIFIER_RENAME,family-b,family-d,METHOD_REORDER,IDENTIFIER_RENAME,control,C1,,,,6,6,6,3.3168908005665156,0.5528151334277526
family-b/METHOD_REORDER,family-d/METHOD_REORDER,family-b,family-d,METHOD_REORDER,METHOD_REORDER,control,C1,,,,6,6,6,3.3168908005665156,0.5528151334277526
family-c/BASE,family-c/CLASS_SPLIT,family-c,family-c,BASE,CLASS_SPLIT,related,C1,,,,5,5,5,4.931225604996097,0.9862451209992195
family-c/BASE,family-c/IDENTIFIER_RENAME,family-c,family-c,BASE,IDENTIFIER_RENAME,related,C1,,,,5,5,5,5.0,1.0
family-c/BASE,family-c/METHOD_REORDER,family-c,family-c,BASE,METHOD_REORDER,related,C1,,,,5,5,5,5.0,1.0
family-c/BASE,family-d/BASE,family-c,family-d,BASE,BASE,control,C1,,,,5,6,5,3.045950982684399,0.5076584971140665
family-c/BASE,family-d/CLASS_SPLIT,family-c,family-d,BASE,CLASS_SPLIT,control,C1,,,,5,6,5,2.9941739914356544,0.4990289985726091
family-c/BASE,family-d/IDENTIFIER_RENAME,family-c,family-d,BASE,IDENTIFIER_RENAME,control,C1,,,,5,6,5,3.045950982684399,0.5076584971140665
family-c/BASE,family-d/METHOD_REORDER,family-c,family-d,BASE,METHOD_REORDER,control,C1,,,,5,6,5,3.045950982684399,0.5076584971140665
family-c/CLASS_SPLIT,family-c/IDENTIFIER_RENAME,family-c,family-c,CLASS_SPLIT,IDENTIFIER_RENAME,related,C1,,,,5,5,5,4.931225604996097,0.9862451209992195
family-c/CLASS_SPLIT,family-c/METHOD_REORDER,family-c,family-c,CLASS_SPLIT,METHOD_REORDER,related,C1,,,,5,5,5,4.931225604996097,0.9862451209992195
family-c/CLASS_SPLIT,family-d/BASE,family-c,family-d,CLASS_SPLIT,BASE,control,C1,,,,5,6,5,3.0113355980690146,0.5018892663448358
family-c/CLASS_SPLIT,family-d/CLASS_SPLIT,family-c,family-d,CLASS_SPLIT,CLASS_SPLIT,control,C1,,,,5,6,5,3.0238380055824274,0.5039730009304045
family-c/CLASS_SPLIT,family-d/IDENTIFIER_RENAME,family-c,family-d,CLASS_SPLIT,IDENTIFIER_RENAME,control,C1,,,,5,6,5,3.0113355980690146,0.5018892663448358
family-c/CLASS_SPLIT,family-d/METHOD_REORDER,family-c,family-d,CLASS_SPLIT,METHOD_REORDER,control,C1,,,,5,6,5,3.0113355980690146,0.5018892663448358
family-c/IDENTIFIER_RENAME,family-c/METHOD_REORDER,family-c,family-c,IDENTIFIER_RENAME,METHOD_REORDER,related,C1,,,,5,5,5,5.0,1.0
family-c/IDENTIFIER_RENAME,family-d/BASE,family-c,family-d,IDENTIFIER_RENAME,BASE,control,C1,,,,5,6,5,3.045950982684399,0.5076584971140665
family-c/IDENTIFIER_RENAME,family-d/CLASS_SPLIT,family-c,family-d,IDENTIFIER_RENAME,CLASS_SPLIT,control,C1,,,,5,6,5,2.9941739914356544,0.4990289985726091
family-c/IDENTIFIER_RENAME,family-d/IDENTIFIER_RENAME,family-c,family-d,IDENTIFIER_RENAME,IDENTIFIER_RENAME,control,C1,,,,5,6,5,3.045950982684399,0.5076584971140665
family-c/IDENTIFIER_RENAME,family-d/METHOD_REORDER,family-c,family-d,IDENTIFIER_RENAME,METHOD_REORDER,control,C1,,,,5,6,5,3.045950982684399,0.5076584971140665
family-c/METHOD_REORDER,family-d/BASE,family-c,family-d,METHOD_REORDER,BASE,control,C1,,,,5,6,5,3.045950982684399,0.5076584971140665
family-c/METHOD_REORDER,family-d/CLASS_SPLIT,family-c,family-d,METHOD_REORDER,CLASS_SPLIT,control,C1,,,,5,6,5,2.9941739914356544,0.4990289985726091
family-c/METHOD_REORDER,family-d/IDENTIFIER_RENAME,family-c,family-d,METHOD_REORDER,IDENTIFIER_RENAME,control,C1,,,,5,6,5,3.045950982684399,0.5076584971140665
family-c/METHOD_REORDER,family-d/METHOD_REORDER,family-c,family-d,METHOD_REORDER,METHOD_REORDER,control,C1,,,,5,6,5,3.045950982684399,0.5076584971140665
family-d/BASE,family-d/CLASS_SPLIT,family-d,family-d,BASE,CLASS_SPLIT,related,C1,,,,6,6,6,5.950435771125426,0.9917392951875711
family-d/BASE,family-d/IDENTIFIER_RENAME,family-d,family-d,BASE,IDENTIFIER_RENAME,related,C1,,,,6,6,6,6.0,1.0
family-d/BASE,family-d/METHOD_REORDER,family-d,family-d,BASE,METHOD_REORDER,related,C1,,,,6,6,6,6.0,1.0
family-d/CLASS_SPLIT,family-d/IDENTIFIER_RENAME,family-d,family-d,CLASS_SPLIT,IDENTIFIER_RENAME,related,C1,,,,6,6,6,5.950435771125426,0.9917392951875711
family-d/CLASS_SPLIT,family-d/METHOD_REORDER,family-d,family-d,CLASS_SPLIT,METHOD_REORDER,related,C1,,,,6,6,6,5.950435771125426,0.9917392951875711
family-d/IDENTIFIER_RENAME,family-d/METHOD_REORDER,family-d,family-d,IDENTIFIER_RENAME,METHOD_REORDER,related,C1,,,,6,6,6,6.0,1.0
